country,cntry_code,happiness_score,social_support,healthy_life_expectancy_at_birth,freedom_to_make_life_choices,generosity,perceptions_of_corruption,positive_affect,negative_affect
Afghanistan,AFG,4.22,559.0,52925.0,523.0,44.0,793.0,501.0,348.0
Albania,ALB,4511.0,638.0,69025.0,0.73,-19.0,901.0,567.0,322.0
Algeria,DZA,5341.0,749.0,66.1,,,,565.0,377.0
Argentina,ARG,6427.0,883.0,66.95,848.0,-195.0,851.0,732.0,312.0
Armenia,ARM,4325.0,709.0,66275.0,611.0,-175.0,921.0,516.0,437.0
Australia,AUS,7.25,942.0,70675.0,922.0,235.0,399.0,736.0,236.0
Austria,AUT,7048.0,926.0,70525.0,889.0,76.0,524.0,713.0,197.0
Azerbaijan,AZE,5304.0,777.0,63225.0,713.0,-207.0,607.0,509.0,191.0
Bahrain,BHR,6.17,863.0,66125.0,889.0,83.0,,736.0,283.0
Bangladesh,BGD,4556.0,649.0,63925.0,875.0,-102.0,688.0,437.0,235.0
Belarus,BLR,5178.0,927.0,65325.0,658.0,-129.0,664.0,503.0,182.0
Belgium,BEL,6949.0,929.0,70.15,866.0,-0.06,497.0,701.0,0.26
Benin,BEN,4007.0,493.0,54.6,0.78,-64.0,838.0,578.0,456.0
Bolivia,BOL,5.77,796.0,62.85,882.0,-48.0,853.0,736.0,376.0
Bosnia and Herzegovina,BIH,5181.0,808.0,67.05,633.0,134.0,957.0,566.0,304.0
Botswana,BWA,3499.0,768.0,53075.0,852.0,-244.0,729.0,657.0,252.0
Brazil,BRA,6375.0,912.0,64875.0,807.0,-103.0,781.0,711.0,302.0
Bulgaria,BGR,4838.0,926.0,66.0,0.7,-175.0,936.0,545.0,172.0
Burkina Faso,BFA,4206.0,764.0,53775.0,645.0,1.0,721.0,0.59,337.0
Cambodia,KHM,4461.0,746.0,60.9,958.0,73.0,0.84,713.0,398.0
Cameroon,CMR,4816.0,659.0,52475.0,713.0,-8.0,879.0,635.0,367.0
Canada,CAN,7245.0,924.0,71.15,912.0,207.0,385.0,768.0,237.0
Central African Republic,CAF,2693.0,0.29,44.75,624.0,37.0,859.0,551.0,494.0
Chad,TCD,4029.0,616.0,50875.0,525.0,51.0,0.82,564.0,468.0
Chile,CHL,6579.0,841.0,69.55,652.0,96.0,858.0,792.0,283.0
China,CHN,5325.0,742.0,68125.0,,-0.23,,683.0,146.0
Colombia,COL,6234.0,882.0,68475.0,835.0,-104.0,898.0,0.77,294.0
Congo (Brazzaville),COG,4119.0,615.0,55225.0,786.0,-88.0,0.79,586.0,304.0
Congo (Kinshasa),COD,4522.0,864.0,52825.0,637.0,-23.0,875.0,0.61,222.0
Costa Rica,CRI,7136.0,901.0,70.0,873.0,-0.04,781.0,0.83,281.0
Croatia,HRV,5417.0,798.0,68075.0,672.0,-0.07,884.0,569.0,337.0
Cyprus,CYP,5795.0,786.0,71.8,756.0,-35.0,898.0,631.0,336.0
Czechia,CZE,6736.0,931.0,68425.0,0.85,-202.0,0.9,0.71,201.0
Denmark,DNK,7558.0,954.0,70625.0,948.0,134.0,0.21,786.0,208.0
Dominican Republic,DOM,5239.0,895.0,63.4,873.0,-83.0,737.0,725.0,278.0
Ecuador,ECU,6115.0,842.0,67.75,846.0,-19.0,774.0,807.0,365.0
Egypt,EGY,4557.0,809.0,62.25,656.0,-141.0,818.0,538.0,0.37
El Salvador,SLV,6.14,794.0,63.85,0.8,-189.0,797.0,742.0,346.0
Estonia,EST,5.65,938.0,68525.0,843.0,-153.0,639.0,657.0,177.0
Ethiopia,ETH,4298.0,719.0,58.7,744.0,38.0,703.0,627.0,254.0
Finland,FIN,7.66,954.0,70775.0,948.0,-31.0,0.25,769.0,182.0
France,FRA,6475.0,885.0,71.8,787.0,-95.0,623.0,715.0,0.27
Gabon,GAB,4832.0,0.78,56625.0,699.0,-205.0,817.0,625.0,432.0
Georgia,GEO,4448.0,533.0,64325.0,606.0,-252.0,561.0,475.0,223.0
Germany,DEU,6874.0,906.0,70.3,871.0,144.0,446.0,709.0,187.0
Ghana,GHA,4514.0,647.0,56875.0,751.0,88.0,894.0,659.0,305.0
Greece,GRC,5303.0,803.0,70525.0,482.0,-263.0,898.0,594.0,336.0
Guatemala,GTM,6359.0,811.0,61.7,863.0,9.0,812.0,815.0,321.0
Guinea,GIN,3603.0,675.0,51.95,726.0,-57.0,803.0,676.0,374.0
Haiti,HTI,3352.0,584.0,54.9,304.0,248.0,839.0,532.0,367.0
Honduras,HND,5648.0,774.0,61725.0,0.85,79.0,793.0,0.79,297.0
Hong Kong S.A.R. of China,HKG,5498.0,832.0,,0.8,96.0,403.0,569.0,213.0
Hungary,HUN,5449.0,0.9,66.75,554.0,-191.0,924.0,0.59,243.0
Iceland,ISL,7.51,985.0,71925.0,952.0,276.0,719.0,808.0,158.0
India,IND,4179.0,614.0,59.4,0.82,44.0,765.0,646.0,346.0
Indonesia,IDN,5136.0,792.0,62425.0,0.83,497.0,0.89,748.0,342.0
Iran,IRN,4653.0,566.0,65.85,773.0,179.0,713.0,592.0,526.0
Iraq,IRQ,4413.0,719.0,61275.0,666.0,-48.0,799.0,471.0,0.57
Ireland,IRL,7041.0,958.0,70.8,875.0,171.0,399.0,744.0,211.0
Israel,ISR,7159.0,0.89,71.95,772.0,149.0,804.0,602.0,263.0
Italy,ITA,5955.0,927.0,71675.0,624.0,-84.0,903.0,632.0,339.0
Ivory Coast,CIV,4543.0,617.0,53075.0,769.0,-44.0,757.0,693.0,378.0
Japan,JPN,5955.0,0.9,73725.0,836.0,-68.0,698.0,0.69,192.0
Jordan,JOR,5271.0,0.82,67.6,771.0,-39.0,,598.0,312.0
Kazakhstan,KAZ,5534.0,928.0,63.8,783.0,-0.04,702.0,641.0,155.0
Kenya,KEN,4396.0,706.0,56.5,749.0,291.0,828.0,0.73,226.0
Kosovo,XKX,5759.0,824.0,,827.0,123.0,941.0,588.0,0.15
Kuwait,KWT,5947.0,845.0,70175.0,841.0,-78.0,,643.0,315.0
Kyrgyzstan,KGZ,4857.0,914.0,64225.0,814.0,54.0,917.0,668.0,126.0
Latvia,LVA,5.94,917.0,65.9,685.0,-161.0,868.0,583.0,231.0
Lebanon,LBN,5271.0,828.0,65775.0,657.0,23.0,853.0,513.0,263.0
Lesotho,LSO,3808.0,798.0,42.25,729.0,-97.0,743.0,685.0,0.27
Liberia,LBR,3355.0,643.0,53.1,763.0,31.0,901.0,625.0,509.0
Libya,LBY,5434.0,876.0,64525.0,822.0,-133.0,,645.0,383.0
Lithuania,LTU,5866.0,938.0,65.65,614.0,-0.27,949.0,553.0,0.25
Luxembourg,LUX,6967.0,941.0,71525.0,882.0,12.0,356.0,706.0,192.0
Madagascar,MDG,3663.0,746.0,56.55,0.57,-69.0,864.0,0.67,204.0
Malawi,MWI,3476.0,524.0,55.45,0.81,0.04,824.0,584.0,325.0
Mali,MLI,4016.0,836.0,53.4,696.0,-69.0,862.0,738.0,305.0
Malta,MLT,6591.0,0.93,71.35,916.0,341.0,696.0,645.0,355.0
Mauritania,MRT,4472.0,785.0,59125.0,467.0,-178.0,842.0,0.71,222.0
Mauritius,MUS,5.61,836.0,63975.0,819.0,134.0,891.0,706.0,246.0
Mexico,MEX,6824.0,893.0,65.8,752.0,-157.0,809.0,802.0,0.22
Moldova,MDA,5578.0,837.0,63.3,557.0,-0.05,969.0,586.0,275.0
Mongolia,MNG,5057.0,947.0,60.0,0.76,86.0,0.9,555.0,171.0
Montenegro,MNE,5304.0,866.0,66.7,569.0,-91.0,849.0,547.0,337.0
Morocco,MAR,5386.0,655.0,63.4,817.0,-245.0,717.0,658.0,205.0
Myanmar,MMR,4623.0,793.0,59925.0,877.0,683.0,607.0,671.0,302.0
Nepal,NPL,5.1,837.0,60475.0,839.0,158.0,817.0,523.0,0.37
Netherlands,NLD,7541.0,926.0,71175.0,907.0,235.0,433.0,737.0,215.0
New Zealand,NZL,7226.0,937.0,69975.0,927.0,261.0,278.0,777.0,207.0
Nicaragua,NIC,6013.0,853.0,65275.0,717.0,38.0,731.0,787.0,0.38
Niger,NER,4235.0,683.0,54.45,702.0,-17.0,814.0,646.0,325.0
Nigeria,NGA,5.22,805.0,53425.0,798.0,42.0,905.0,745.0,252.0
North Macedonia,MKD,5346.0,871.0,65.5,706.0,76.0,0.87,587.0,292.0
Norway,NOR,7596.0,0.96,71.25,954.0,127.0,0.41,809.0,209.0
Pakistan,PAK,5549.0,627.0,56075.0,634.0,87.0,793.0,503.0,332.0
Panama,PAN,6118.0,882.0,68.4,884.0,-107.0,837.0,813.0,244.0
Paraguay,PRY,5801.0,0.94,65.65,854.0,-0.08,756.0,833.0,197.0
Peru,PER,5701.0,803.0,68975.0,0.83,-137.0,866.0,791.0,338.0
Philippines,PHL,5431.0,821.0,61925.0,908.0,-73.0,792.0,807.0,0.29
Poland,POL,6162.0,917.0,68175.0,871.0,-94.0,848.0,666.0,224.0
Portugal,PRT,5447.0,905.0,70625.0,838.0,-229.0,922.0,659.0,326.0
Romania,ROU,5969.0,809.0,66425.0,822.0,-118.0,949.0,607.0,258.0
Russia,RUS,5855.0,911.0,63075.0,714.0,-185.0,925.0,587.0,142.0
Rwanda,RWA,3333.0,665.0,59225.0,911.0,25.0,159.0,715.0,285.0
Saudi Arabia,SAU,6474.0,0.89,63.4,774.0,-134.0,,725.0,266.0
Senegal,SEN,4595.0,839.0,58.5,744.0,-89.0,794.0,781.0,245.0
Serbia,SRB,5753.0,895.0,66525.0,614.0,-72.0,0.89,492.0,298.0
Sierra Leone,SLE,4733.0,657.0,50.5,681.0,107.0,863.0,616.0,456.0
Singapore,SGP,6033.0,925.0,73.3,904.0,138.0,47.0,745.0,111.0
Slovakia,SVK,5993.0,945.0,67825.0,0.7,-63.0,917.0,688.0,232.0
Slovenia,SVN,5937.0,934.0,70175.0,904.0,-58.0,838.0,597.0,272.0
Somalia,SOM,4668.0,594.0,48.5,917.0,73.0,441.0,773.0,193.0
South Africa,ZAF,4.77,875.0,54625.0,774.0,-0.08,813.0,743.0,301.0
South Korea,KOR,5971.0,811.0,72275.0,591.0,22.0,862.0,583.0,233.0
South Sudan,SSD,2888.0,532.0,53175.0,0.44,,785.0,594.0,549.0
Spain,ESP,6319.0,942.0,71725.0,768.0,-52.0,819.0,0.63,301.0
State of Palestine,PSE,4907.0,818.0,,608.0,-149.0,812.0,544.0,378.0
Sweden,SWE,7369.0,912.0,71525.0,918.0,142.0,246.0,752.0,201.0
Switzerland,CHE,7459.0,928.0,71.9,934.0,81.0,302.0,758.0,206.0
Taiwan Province of China,TWN,6513.0,895.0,,719.0,-47.0,811.0,743.0,108.0
Tajikistan,TJK,5104.0,857.0,61.55,703.0,4.0,632.0,587.0,0.22
Tanzania,TZA,2903.0,638.0,57.15,775.0,179.0,739.0,649.0,246.0
Thailand,THA,6074.0,908.0,68075.0,924.0,354.0,878.0,811.0,218.0
Togo,TGO,3879.0,509.0,54.7,0.73,-27.0,815.0,0.61,483.0
Tunisia,TUN,4521.0,702.0,66.75,614.0,-169.0,811.0,532.0,378.0
Turkiye,TUR,5326.0,0.88,67875.0,644.0,-68.0,764.0,414.0,0.39
Turkmenistan,TKM,5887.0,929.0,61.8,749.0,4.0,,0.56,255.0
Uganda,UGA,4233.0,754.0,56775.0,739.0,128.0,811.0,665.0,0.41
Ukraine,UKR,4029.0,885.0,63925.0,503.0,7.0,891.0,0.55,0.22
United Arab Emirates,ARE,6831.0,849.0,65.55,949.0,122.0,,739.0,245.0
United Kingdom,GBR,6824.0,954.0,69.8,821.0,246.0,458.0,732.0,0.23
United States,USA,6804.0,897.0,66475.0,758.0,0.14,739.0,737.0,264.0
Uruguay,URY,6171.0,0.9,67.5,886.0,-82.0,676.0,735.0,283.0
Uzbekistan,UZB,5893.0,945.0,63.8,984.0,202.0,,771.0,147.0
Venezuela,VEN,4041.0,902.0,64925.0,458.0,-56.0,0.89,676.0,392.0
Vietnam,VNM,5062.0,876.0,65.0,894.0,-109.0,799.0,487.0,223.0
Yemen,YEM,3826.0,775.0,58175.0,533.0,-141.0,,401.0,228.0
Zambia,ZMB,4348.0,767.0,53125.0,812.0,122.0,771.0,688.0,372.0
Zimbabwe,ZWE,3735.0,768.0,51675.0,733.0,-79.0,724.0,685.0,209.0
