Country Name,Country Code,Access to electricity (% of population),"Compulsory education, duration (years)","Employment to population ratio, 15+, total (%) (modeled ILO estimate)","GDP per capita, PPP (current international $)",Individuals using the Internet (% of population),"Industry (including construction), value added per worker (constant 2015 US$)","Inflation, GDP deflator (annual %)",Land area (sq. km),Merchandise exports by the reporting economy (current US$),Military expenditure (% of GDP),Net migration,Population ages 15-64 (% of total population),Proportion of seats held by women in national parliaments (%),Renewable energy consumption (% of total final energy consumption),Urban population (% of total population),"Vulnerable employment, total (% of total employment) (modeled ILO estimate)",happiness_score,social_support,healthy_life_expectancy_at_birth,freedom_to_make_life_choices,generosity,perceptions_of_corruption,positive_affect,negative_affect
Afghanistan,AFG,97.7,9.0,42.457,2213.181441047904,11.0,2464.314730607396,-2.197526467334612,652230.0,596455350.0,0.956772140958855,-143049.0,51.843053949596,27.710843373494,20.2,24.6588345720126,83.3065433479913,4.22,559.0,52925.0,523.0,44.0,793.0,501.0,348.0
Angola,AGO,41.8,10.0,63.321,7766.837875255461,23.2,53894.38579768794,20.87270317969893,1246700.0,28057496942.0,2.73333494465123,91614.0,52.0323838444687,36.8181818181818,48.1,64.2992302517989,65.22479804882309,,,,,,,,
Albania,ALB,99.9,9.0,48.477,12176.172898854396,59.6,13534.982832584585,-0.8642652212016912,27400.0,1956349224.0,1.10358100880452,-9347.0,68.473513186339,22.8571428571429,39.4,55.5738734464276,55.902272472853504,4511.0,638.0,69025.0,0.73,-19.0,901.0,567.0,322.0
United Arab Emirates,ARE,100.0,12.0,77.16,69986.98356758872,90.6,95583.15371005908,-5.418374318324368,71020.0,163482873886.0,,195317.0,81.7037621944191,22.5,0.1,84.5093991669984,0.808071677244697,6831.0,849.0,65.55,949.0,122.0,,739.0,245.0
Argentina,ARG,99.9,14.0,54.247,20105.761359796023,70.969,33543.788683116414,41.11937998822791,2736690.0,57113967523.0,0.8092453627175631,5215.0,64.0835958950498,35.7976653696498,9.4,91.5856817228217,21.084650671436588,6427.0,883.0,66.95,848.0,-195.0,851.0,732.0,312.0
Armenia,ARM,99.8,12.0,50.783,10570.272041393568,64.346,14153.661596486496,0.2685750765013921,28470.0,1763885303.0,4.09034921699325,-14697.0,68.5339571072627,10.6870229007634,13.2,64.5928753345316,43.737876038607,4325.0,709.0,66275.0,611.0,-175.0,921.0,516.0,437.0
Australia,AUS,100.0,11.0,61.242,47446.21030309511,86.54,135098.5279746627,-0.6734174959297405,7692020.0,184122179044.0,2.0896214779767,254648.0,65.9615614705209,28.6666666666667,9.6,87.0166295249235,10.40383699506106,7.25,942.0,70675.0,922.0,235.0,399.0,736.0,236.0
Austria,AUT,100.0,10.0,57.015,52397.86351766741,84.3237,91789.4990976752,1.814750823333128,82520.0,151960072918.0,0.73372291194157,65976.0,67.1339749165576,30.6010928961749,34.6,67.7218061923556,9.83301455145515,7048.0,926.0,70525.0,889.0,76.0,524.0,713.0,197.0
Azerbaijan,AZE,100.0,9.0,61.419,14535.802021063326,78.2,34303.56351433946,14.628338964790345,82670.0,13456771500.0,3.68852730317814,4671.0,70.2891585164324,16.8,1.9,55.7574797205266,55.0501782403119,5304.0,777.0,63225.0,713.0,-207.0,607.0,509.0,191.0
Burundi,BDI,8.5,,78.843,764.2822216369165,2.2,2676.222394380616,6.33813181746585,25680.0,107845201.0,2.2431638636818003,-109296.0,50.0141465984415,36.3636363636364,89.6,15.6180905635494,85.800721928781,,,,,,,,
Belgium,BEL,100.0,12.0,49.001,48414.55180656812,86.5165,90515.94036113496,1.8952891356944408,30333.0,395311812969.0,0.898085290562566,28090.0,64.6607620134318,39.3333333333333,9.2,86.4507790979645,11.534678024095475,6949.0,929.0,70.15,866.0,-0.06,497.0,701.0,0.26
Benin,BEN,37.0,6.0,72.563,2842.0246258376046,14.5,2352.60013643179,0.6835911112746516,112760.0,409800949.0,0.673596727016815,3837.0,53.6566169066319,7.2289156626506,45.4,46.6094559006664,82.8341870245721,4007.0,493.0,54.6,0.78,-64.0,838.0,578.0,456.0
Burkina Faso,BFA,16.6,10.0,74.767,1881.7589313440665,7.14,2537.072051022557,2.6042991922656142,273600.0,2520004176.0,1.16533335437179,-7598.0,52.0971154917605,9.44881889763779,77.1,25.821510372001,80.82910909825699,4206.0,764.0,53775.0,645.0,1.0,721.0,0.59,337.0
Bangladesh,BGD,75.9,5.0,53.65,4579.13228682862,18.1,4746.11675489541,27.850737724833905,130170.0,24819157738.0,1.22590049912782,-918770.0,64.3617117778247,20.0,30.2,29.8753915517965,57.0356746745533,4556.0,649.0,63925.0,875.0,-102.0,688.0,437.0,235.0
Bulgaria,BGR,97.3,10.0,49.272,19348.048457081622,59.8255,14388.0283855677,3.323559724701525,108560.0,25349008815.0,1.24384580804927,-9482.0,65.3990271954816,20.4166666666667,17.7,73.1750030517578,6.87889849126132,4838.0,926.0,66.0,0.7,-175.0,936.0,545.0,172.0
Bahrain,BHR,100.0,9.0,71.12,47428.90189076494,98.0,45799.32422173623,0.3572477780471104,779.0,6692086070.0,4.67063531353135,46833.0,77.3742239109572,7.5,0.0,100.0,0.993977794270227,6.17,863.0,66125.0,889.0,83.0,,736.0,283.0
Bosnia and Herzegovina,BIH,100.0,9.0,37.015,12030.256282595466,60.2565,10820.97009801646,1.333307504361798,51200.0,5215727695.0,0.9227722700691988,-32173.0,68.1126823098051,21.4285714285714,23.0,48.0248845752382,21.12683965549565,5181.0,808.0,67.05,633.0,134.0,957.0,566.0,304.0
Belarus,BLR,98.0,9.0,60.62,17832.47788558155,71.113,11711.992390069365,8.341917061913122,202988.0,23349821100.0,1.5232809192303198,8272.0,68.9918011391333,34.5454545454545,6.7,76.8458709716797,7.33475298887525,5178.0,927.0,65325.0,658.0,-129.0,664.0,503.0,182.0
Belize,BLZ,93.3,8.0,59.752,9399.03567052789,44.5757,14602.04317471664,2.139880440088689,22810.0,239561699.0,0.96275814780823,3313.0,64.7671405656627,3.125,33.3,43.6765514309211,27.677132314742032,,,,,,,,
Bolivia,BOL,91.8,14.0,65.003,9242.02728323599,39.6975,7527.351215899082,-1.3548705805900596,1083300.0,7124910884.0,1.53046784866919,-10071.0,62.1216939737896,53.0769230769231,13.6,68.7446327876947,67.13444215908319,5.77,796.0,62.85,882.0,-48.0,853.0,736.0,376.0
Brazil,BRA,99.7,14.0,56.845,14309.20614883423,60.8725,17296.401052476533,8.10360437332622,8358140.0,182455609510.0,1.34797541299482,-92989.0,69.7156525862543,9.94152046783626,45.4,85.9487048448108,26.65003341657733,6375.0,912.0,64875.0,807.0,-103.0,781.0,711.0,302.0
Bhutan,BTN,99.3,,61.257,11273.282380767569,46.5,24897.863416146098,4.048912993479334,38144.0,500523300.0,,1116.0,67.7742403050814,8.51063829787234,80.8,37.2745234641407,72.3010157738819,,,,,,,,
Botswana,BWA,64.2,,50.389,16228.1231235664,42.2576,43323.725801576176,11.904911131819771,566730.0,7320662448.0,3.41066258273304,-10286.0,62.1749030271721,9.52380952380952,26.7,65.6949296854899,27.66694687357903,3499.0,768.0,53075.0,852.0,-244.0,729.0,657.0,252.0
Central African Republic,CAF,13.4,10.0,69.166,826.0133013831687,3.1,1585.4821141489072,2.9801140844553373,622980.0,121882617.0,1.47163796004867,-52607.0,48.9686631215826,7.19424460431655,92.1,40.3808711749566,79.7275971608616,2693.0,0.29,44.75,624.0,37.0,859.0,551.0,494.0
Canada,CAN,100.0,10.0,61.018,46470.64663911088,91.16,103974.2447556948,0.7169781506382265,8965590.0,389532443184.0,1.16416156719089,329455.0,67.3902081027321,26.0355029585799,22.1,81.3023011093703,10.51697345932561,7245.0,924.0,71.15,912.0,207.0,385.0,768.0,237.0
Switzerland,CHE,100.0,11.0,65.286,67350.7518747757,89.1347,178816.65937037414,-0.5832916142746711,39509.63,302306657586.0,0.664750475412517,71009.0,67.0852228581568,32.0,24.1,76.6726675773771,10.16437210063819,7459.0,928.0,71.9,934.0,81.0,302.0,758.0,206.0
Chile,CHL,100.0,12.0,58.008,23256.50360422114,83.5586,34820.74222787944,4.560656036847561,742286.76,60344270923.0,1.92415844717468,135864.0,68.7957087507807,15.8333333333333,24.6,87.6306290578181,20.66699995207452,6579.0,841.0,69.55,652.0,96.0,858.0,792.0,283.0
China,CHN,100.0,9.0,65.739,14157.251498800431,53.2,21680.267810706224,1.4774412133406545,9388210.0,2132123400000.0,1.7688865902507,-153056.0,71.2044525051679,23.6228455559311,12.6,58.8399238586426,36.8378037904124,5325.0,742.0,68125.0,,-0.23,,683.0,146.0
Cote d'Ivoire,CIV,64.3,10.0,65.562,4530.6484980848745,41.2078,13441.406979648673,-1.1798324356569625,318000.0,10706632688.0,1.24585910179804,18568.0,55.1553133893468,9.16334661354582,64.0,49.929991034032,72.05635090337461,4543.0,617.0,53075.0,769.0,-44.0,757.0,693.0,378.0
Cameroon,CMR,59.8,6.0,67.747,3626.9993202857822,20.6,6522.402270903014,0.6618089771558857,472710.0,2158144522.0,1.14642434992604,13255.0,54.1334317153056,31.1111111111111,78.8,52.9815033836792,72.6209894940485,4816.0,659.0,52475.0,713.0,-8.0,879.0,635.0,367.0
"Congo, Dem. Rep.",COD,17.3,6.0,62.081,950.0222981585964,10.1,6641.062327266159,4.405905445904736,2267050.0,9331405000.0,1.02563437176754,440748.0,50.9689468041245,8.94308943089431,97.0,41.7290483782911,81.2064459829885,4522.0,864.0,52825.0,637.0,-23.0,875.0,0.61,222.0
"Congo, Rep.",COG,45.3,10.0,54.314,4016.049085253184,8.12195,13575.15717604915,-3.502487289026292,341500.0,6874210204.0,4.59480614297478,-14783.0,55.2790445101767,7.35294117647059,67.7,63.2515316469123,75.892202592545,4119.0,615.0,55225.0,786.0,-88.0,0.79,586.0,304.0
Colombia,COL,98.4,12.0,60.492,14026.839993105268,58.1365,20179.113775410264,5.148334305145895,1109500.0,29365766422.0,3.07113102611539,104373.0,68.6955683932159,19.8795180722892,30.5,77.2036266362166,43.945707767281576,6234.0,882.0,68475.0,835.0,-104.0,898.0,0.77,294.0
Comoros,COM,76.4,6.0,45.726,3139.0516074046536,7.93832,2656.246919374749,1.71503276564016,1861.0,33462760.000000004,,-2938.0,56.046719811902,3.03030303030303,64.0,30.7305018169792,57.5428510073403,,,,,,,,
Costa Rica,CRI,99.5,13.0,54.861,19201.7453233396,65.8804,31024.74443560554,1.9587648020357449,51060.0,9911996760.0,,1649.0,68.8045144876282,33.3333333333333,34.1,75.5423088085047,24.84403350304146,7136.0,901.0,70.0,873.0,-0.04,781.0,0.83,281.0
Cuba,CUB,99.2,9.0,54.469,,42.9787,21952.831292581686,4.328349284585386,104040.0,2125519187.0,3.07218792501319,-24146.0,69.0352774443146,48.8562091503268,19.2,76.9115829467773,20.34684815129064,,,,,,,,
Cyprus,CYP,100.0,10.0,55.469,32872.046875,75.9002,23723.06628044725,-0.5747424942424573,9240.0,2612744873.0,1.40455761221209,10951.0,71.326455758874,17.8571428571429,10.3,66.9625604106231,12.47566360558313,5795.0,786.0,71.8,756.0,-35.0,898.0,631.0,336.0
Czechia,CZE,100.0,9.0,57.457,36445.04857320637,76.4812,32914.497174778495,1.491233910046759,77210.0,162482087276.0,0.986634400365061,5465.0,65.9601528606104,20.0,14.8,72.9745753395623,14.02003280625601,6736.0,931.0,68425.0,0.85,-202.0,0.9,0.71,201.0
Germany,DEU,100.0,13.0,57.932,51569.90168411993,84.1652,81175.45488788234,1.2542448523920342,349360.0,1329667258574.0,1.12912506140277,517480.0,65.5385099359924,36.4500792393027,14.2,80.8347870684725,6.010110951910892,6874.0,906.0,70.3,871.0,144.0,446.0,709.0,187.0
Djibouti,DJI,59.8,10.0,24.004,4431.565885561759,30.8,32215.53972880056,0.302782333572253,23180.0,4134737737.000001,,1623.0,62.3549009158167,12.7272727272727,23.6,71.1492236341041,31.583995367270443,,,,,,,,
Denmark,DNK,100.0,10.0,58.046,51820.952130549085,96.9678,117763.92926406868,0.4265129356580104,40000.0,94665325523.0,1.1510714656423802,33391.0,64.2825644561006,37.4301675977654,32.0,87.6999969482422,6.439073360301179,7558.0,954.0,70625.0,948.0,134.0,0.21,786.0,208.0
Dominican Republic,DOM,98.9,15.0,57.902,16282.189912751406,63.8709,23701.32876145988,2.0153931389806985,48310.0,9377541078.0,0.63403055291349,-36219.0,65.2322227997638,26.8421052631579,15.3,74.0506780735522,40.31594743057237,5239.0,895.0,63.4,873.0,-83.0,737.0,725.0,278.0
Algeria,DZA,99.4,10.0,38.015,13437.846023216924,42.9455,19383.614175384617,0.8566882240518652,2381741.0,28947104914.0,5.65271835420787,-6438.0,65.1739647385905,31.6017316017316,0.1,70.7353778263851,27.07416221726243,5341.0,749.0,66.1,,,,565.0,377.0
Ecuador,ECU,98.7,15.0,64.558,10881.48907067323,54.0629,20538.240984897344,1.1711445039272377,248360.0,16785729768.000002,2.5731167562347097,35461.0,64.6722079914688,41.6058394160584,14.8,62.9913367571804,48.6177906465896,6115.0,842.0,67.75,846.0,-19.0,774.0,807.0,365.0
"Egypt, Arab Rep.",EGY,100.0,12.0,40.825,10665.667649968467,41.2481,17525.506305748695,6.245663133774258,995450.0,18520100007.0,1.66660515243227,-71604.0,61.6008772488617,14.9328859060403,5.1,42.5210717266225,19.74771496479949,4557.0,809.0,62.25,656.0,-141.0,818.0,538.0,0.37
Spain,ESP,100.0,10.0,46.873,37612.71886813415,80.5613,68199.93996333737,0.3721825396158209,499564.0,282240454263.0,1.12848106845526,106474.0,66.3143685616246,39.1428571428571,16.7,79.3615955277997,11.98225389428818,6319.0,942.0,71725.0,768.0,-52.0,819.0,0.63,301.0
Estonia,EST,100.0,9.0,58.328,31947.776910743723,87.2402,29366.33491554861,2.4385266072111733,43470.0,13072482319.0,2.02803563355143,1081.0,64.6626626611412,23.7623762376238,27.2,68.724038178078,7.494114630678506,5.65,938.0,68525.0,843.0,-153.0,639.0,657.0,177.0
Ethiopia,ETH,42.9,8.0,74.416,1857.549465152244,15.3669,3583.198356856788,10.397957269054174,1128558.5,1988489238.0,0.683567210395797,115823.0,54.7458515074501,38.7568555758684,90.4,19.8763618469238,86.3623410416873,4298.0,719.0,58.7,744.0,38.0,703.0,627.0,254.0
Finland,FIN,100.0,10.0,53.383,44562.40110720671,87.7036,102823.6824491279,0.0551953977568899,303910.0,57625709030.0,1.43150516649128,17321.0,63.0282055999224,41.5,42.4,71.6158383428171,10.557404231268524,7.66,954.0,70775.0,948.0,-31.0,0.25,769.0,182.0
France,FRA,100.0,10.0,49.828,42880.23513554308,79.2698,75660.62157601074,0.5172582322090307,538950.0,498048540112.0,1.8517180961611897,15548.0,62.632173096763,26.1698440207972,14.2,78.5999114705779,7.558307331650326,6475.0,885.0,71.8,787.0,-95.0,623.0,715.0,0.27
Gabon,GAB,88.1,10.0,40.551,13997.735284191063,48.0523,85320.10657143316,-4.269753979745715,257670.0,9503904876.0,1.44754580418175,7398.0,59.4196750378278,14.1666666666667,81.5,88.5445883406178,30.68973880009846,4832.0,0.78,56625.0,699.0,-205.0,817.0,625.0,432.0
United Kingdom,GBR,100.0,11.0,59.344,44085.20255867716,94.7758,90861.62150480309,1.735393542922182,241930.0,405737534440.0,1.98449096820719,324649.0,64.1335648731091,29.5839753466872,7.7,82.0229991698295,12.865655538824749,6824.0,954.0,69.8,821.0,246.0,458.0,732.0,0.23
Georgia,GEO,100.0,9.0,55.059,13065.294157467975,58.4593,17750.46222461733,2.274818429896968,69490.0,2112196462.0,2.04079266789767,-10588.0,65.8971898365452,16.0,27.2,57.6984032005062,51.9764434116661,4448.0,533.0,64325.0,606.0,-252.0,561.0,475.0,223.0
Ghana,GHA,79.3,11.0,64.488,5011.0793157290445,28.0,7959.135063863166,15.748620307899143,227540.0,12035330167.0,0.291412454265461,7009.0,58.2304936670168,10.9090909090909,45.2,54.167052758274,69.11714441484564,4514.0,647.0,56875.0,751.0,88.0,894.0,659.0,305.0
Guinea,GIN,33.5,6.0,52.228,2255.3261799261536,13.1,5566.981257153677,5.668951632789671,245720.0,2394506581.0,1.88200742269539,-14189.0,53.440739400134,21.9298245614035,75.3,35.3100280761719,82.1438261339484,3603.0,675.0,51.95,726.0,-57.0,803.0,676.0,374.0
"Gambia, The",GMB,56.4,9.0,44.809,2012.676481802512,19.9,2910.0730963778283,7.820622748609793,10120.0,35505892.0,,-3486.0,54.0527842236268,9.43396226415094,48.6,59.8652472486563,70.1119061988103,,,,,,,,
Greece,GRC,100.0,10.0,39.121,27504.549798494816,69.0879,51363.41381374344,-0.4899611443840115,128900.0,28095898725.0,2.57279833754101,10484.0,64.1636112798065,19.6666666666667,16.4,77.7122988766348,26.74401808347439,5303.0,803.0,70525.0,482.0,-263.0,898.0,594.0,336.0
Guatemala,GTM,91.8,16.0,59.122,9201.42836046353,34.5093,11102.307032388033,2.7071954204395325,107160.0,10386442792.0,0.440496512523365,-30980.0,59.8961168521756,13.9240506329114,63.2,53.6609232857043,34.56445091232711,6359.0,811.0,61.7,863.0,9.0,812.0,815.0,321.0
Guyana,GUY,89.0,6.0,48.288,11516.379828957728,35.66,19924.014772698207,0.8981759265169984,196850.0,1449222600.0,1.15412827584568,-6309.0,64.4098340903257,30.4347826086957,21.3,26.4080892882899,29.49485304392379,,,,,,,,
"Hong Kong SAR, China",HKG,100.0,9.0,58.349,56761.48241322235,87.4794,42066.0783925302,1.6382736847965162,1050.0,462367216024.0,,10262.0,72.5100177044859,,0.2,100.0,5.908401891152842,5498.0,832.0,,0.8,96.0,403.0,569.0,213.0
Honduras,HND,91.6,12.0,59.063,5186.158974171613,29.5282,6511.689590555951,3.678068144260422,111890.0,3855648653.0,1.53155567439147,-6681.0,62.1810795994212,25.78125,52.7,54.8868414578857,33.23585106563518,5648.0,774.0,61725.0,0.85,79.0,793.0,0.79,297.0
Croatia,HRV,100.0,8.0,44.5,24064.15334652591,72.6973,26241.24870952968,0.0144609115417182,55964.0,13781143551.0,1.5892253850035498,-32144.0,65.7635720154282,12.5827814569536,31.8,55.7294398599808,10.67184274359212,5417.0,798.0,68075.0,672.0,-0.07,884.0,569.0,337.0
Haiti,HTI,40.4,6.0,56.723,3253.471786416136,22.8,10148.617937797291,15.703214529551545,27560.0,1055137960.0,0.0492315360368918,-33879.0,61.8858886841787,0.0,76.1,50.087821148256,74.2662721405128,3352.0,584.0,54.9,304.0,248.0,839.0,532.0,367.0
Hungary,HUN,100.0,13.0,54.366,28178.945036691865,79.2594,23699.67229768672,1.3225500772951193,91260.0,101912236209.0,0.999116487545317,68.0,67.0502119558858,10.1010101010101,15.3,70.4733810424805,7.802604311393584,5449.0,0.9,66.75,554.0,-191.0,924.0,0.59,243.0
Indonesia,IDN,97.6,9.0,63.462,10262.595165187096,25.4474,13345.123198123916,2.438924086882068,1877519.0,145182978870.0,0.792220213496852,-28991.0,67.077798038297,17.1171171171171,27.8,53.812557220459,48.3329217166956,5136.0,792.0,62425.0,0.83,497.0,0.89,748.0,342.0
India,IND,89.6,8.0,48.83,5800.481493665522,16.5,5234.595355901511,3.2379749508076685,2973190.0,259504855184.0,2.54315152114541,81248.0,65.9731160836743,11.9705340699816,33.0,32.8650780972823,77.2156141688909,4179.0,614.0,59.4,0.82,44.0,765.0,646.0,346.0
Ireland,IRL,100.0,10.0,56.917,73012.81987203743,83.5,291168.81615164294,0.1164650181710698,68890.0,129721242449.0,0.327907586700795,18967.0,65.4546867857241,22.1518987341772,8.6,62.7229399123734,12.364091328002464,7041.0,958.0,70.8,875.0,171.0,399.0,744.0,211.0
"Iran, Islamic Rep.",IRN,100.0,9.0,37.718,15194.785580351856,53.2268,19314.030039556223,14.065020556958842,1628760.0,46770294076.0,2.79643556281004,66630.0,69.9822148863528,5.88235294117647,1.0,73.8796100096595,41.822417700427465,4653.0,566.0,65.85,773.0,179.0,713.0,592.0,526.0
Iraq,IRQ,99.7,6.0,38.481,9079.135317694956,19.9,39065.72474342246,-11.104170920330262,434128.0,46434902178.0,3.55013476903527,-113980.0,56.8371861260833,26.5243902439024,0.9,69.9123778259643,27.46464551725631,4413.0,719.0,61275.0,666.0,-48.0,799.0,471.0,0.57
Iceland,ISL,100.0,10.0,75.111,53480.39719467644,98.24,106891.7582981424,2.698823505736541,100250.0,4454488759.0,,4128.0,66.1907152978409,47.6190476190476,80.9,93.7822647094726,11.72167884115388,7.51,985.0,71925.0,952.0,276.0,719.0,808.0,158.0
Israel,ISR,100.0,15.0,62.535,38189.1610278241,79.6531,89003.22055296933,0.3486575843514998,21640.0,56014458000.0,5.417487687499261,24308.0,60.4867682488154,26.6666666666667,4.0,91.6894623646632,8.157464172152837,7159.0,0.89,71.95,772.0,149.0,804.0,602.0,263.0
Italy,ITA,100.0,12.0,43.418,40482.56299985595,61.3243,64979.81475081696,1.2481718416734535,295718.0,456743192204.0,1.32773387933426,84568.0,64.1355493804101,30.952380952381,16.1,69.5969232525286,16.67055817539756,5955.0,927.0,71675.0,624.0,-84.0,903.0,632.0,339.0
Jamaica,JAM,96.6,6.0,59.316,9948.0414677444,44.3669,13058.012572694935,3.624333421726746,10830.0,1181415669.0,0.954831298098327,-10335.0,70.6496459857327,17.4603174603175,11.1,55.549259277615,36.53995079820738,,,,,,,,
Jordan,JOR,100.0,10.0,32.987,8747.878609308507,56.15,22073.428248564447,1.362006641750682,88780.0,5186368829.0,4.43550630070496,31046.0,62.1278912780178,15.3846153846154,4.7,90.56272794707,9.858111968405227,5271.0,0.82,67.6,771.0,-39.0,,598.0,312.0
Japan,JPN,100.0,9.0,58.107,40596.9686628995,93.1827,80880.49665654643,0.4199443761712729,364500.0,643096772788.0,0.9295167755059708,314732.0,59.7647226208824,9.47368421052632,6.4,91.4541254852142,8.427814506995631,5955.0,0.9,73725.0,836.0,-68.0,698.0,0.69,192.0
Kazakhstan,KAZ,100.0,9.0,66.841,23023.087229389857,74.5877,32194.75283070397,13.63843361764259,2699700.0,36736656559.0,0.9335517652857128,9478.0,64.9216266124732,27.1028037383178,2.1,56.7476265001667,25.579459602981203,5534.0,928.0,63.8,783.0,-0.04,702.0,641.0,155.0
Kenya,KEN,53.1,12.0,72.354,3916.653156730946,16.6,6280.988685592809,5.849628946488082,573052.1,5671249705.0,1.24730980077159,-29728.0,55.979618230588,19.7142857142857,68.3,31.6502520105647,60.4376479753784,4396.0,706.0,56.5,749.0,291.0,828.0,0.73,226.0
Kyrgyz Republic,KGZ,99.7,10.0,56.673,4603.759642478776,40.5,3040.5096854392104,6.050564270556052,191800.0,1422117128.0,3.34401777586688,1187.0,62.8678023099597,19.1666666666667,22.2,35.0515747230627,35.1209541308741,4857.0,914.0,64225.0,814.0,54.0,917.0,668.0,126.0
Cambodia,KHM,68.8,,81.149,4748.124285215278,32.3985,3827.105260153005,1.5800748057582863,176520.0,9246329601.0,1.43955694700576,-51324.0,63.4382071107551,20.3252032520325,58.0,32.4767436038024,54.7909197696648,4461.0,746.0,60.9,958.0,73.0,0.84,713.0,398.0
"Korea, Rep.",KOR,100.0,9.0,60.34,41672.62783170774,92.843,82477.31996855304,2.062456352233795,97489.0,488611951279.0,2.3357998421426,91568.0,73.2815119171004,17.0,2.6,81.5559241797057,19.51266438936582,5971.0,811.0,72275.0,591.0,22.0,862.0,583.0,233.0
Kuwait,KWT,100.0,9.0,71.133,41862.17392555055,85.6,118639.22750689024,-6.837842983820991,17820.0,4664519275.0,5.89351944288143,105818.0,75.7525216840981,2.0,0.0,100.0,1.1490561660266363,5947.0,845.0,70175.0,841.0,-78.0,,643.0,315.0
Lao PDR,LAO,89.0,9.0,58.32,6743.010539530368,21.87,25941.856461348627,3.0223064425633765,230800.0,3611442134.0,,-11401.0,63.0378564157826,27.5167785234899,51.7,33.8267455533474,79.4815493339898,,,,,,,,
Lebanon,LBN,99.8,10.0,42.859,18940.59010004533,76.11,18359.09379225524,0.8712952021763698,10230.0,3767507679.0,5.09598055264963,-247921.0,66.2812994247484,3.125,4.0,88.835892633396,20.5304636355844,5271.0,828.0,65775.0,657.0,23.0,853.0,513.0,263.0
Liberia,LBR,17.7,6.0,74.567,1490.3358141002595,15.7,2852.498853533308,6.972956971539276,96320.0,21113644.0,0.4518427518427519,-26796.0,54.550690469021,10.958904109589,92.8,51.2687310234384,77.31589302530962,3355.0,643.0,53.1,763.0,31.0,901.0,625.0,509.0
Libya,LBY,72.2,9.0,39.716,16961.017711171677,,47892.16243317321,4.692314318104039,1759540.0,20135731059.0,,-5081.0,64.5940807362587,15.9574468085106,2.8,87.8160056703177,23.41230312009547,5434.0,876.0,64525.0,822.0,-133.0,,645.0,383.0
Sri Lanka,LKA,97.5,11.0,51.446,13078.56050890717,22.19,12414.607959064611,5.443221718795684,61893.0,10019860203.0,1.9793553328458904,-18388.0,66.1761491978432,5.77777777777778,45.1,18.9747679368162,39.44408538414713,,,,,,,,
Lesotho,LSO,35.1,7.0,51.59,2942.181536639213,32.4539,3483.66244774032,-0.2924512327496131,30360.0,663994940.0,1.96388842698486,-6766.0,59.5470287107437,25.0,45.1,35.5077950709441,33.17759289881038,3808.0,798.0,42.25,729.0,-97.0,743.0,685.0,0.27
Lithuania,LTU,100.0,10.0,55.563,28698.988786806145,74.3766,32816.2893305712,0.9874724243085636,62642.0,24925849083.0,1.48013833220254,-30612.0,66.0821066606207,21.2765957446809,31.5,67.1894226074219,11.29963455342604,5866.0,938.0,65.65,614.0,-0.27,949.0,553.0,0.25
Luxembourg,LUX,100.0,12.0,55.165,113365.17608226545,98.1367,223349.4652599457,-1.1076166234341684,2574.46,15667316754.0,0.378949157263331,12760.0,69.4058844296374,28.3333333333333,13.5,91.5357090052649,7.56192039575572,6967.0,941.0,71525.0,882.0,12.0,356.0,706.0,192.0
Latvia,LVA,100.0,11.0,54.528,24063.451124510862,79.8421,23859.50457576965,0.6079305833153654,62227.0,12244729321.0,1.50174457900413,-12327.0,64.8189694891939,18.0,38.5,67.9307110858472,9.44947126233352,5.94,917.0,65.9,685.0,-161.0,868.0,583.0,231.0
Morocco,MAR,97.8,9.0,42.221,7853.17626953125,58.2712,12176.90285447776,0.9698838680499192,446300.0,22599731200.0,2.98211832955753,-39302.0,66.1624198581765,20.5063291139241,11.1,60.9657656537179,37.64133829871465,5386.0,655.0,63.4,817.0,-245.0,717.0,658.0,205.0
Moldova,MDA,99.9,9.0,68.795,10325.840489612649,71.0,10285.70810465344,3.550873830887099,32880.0,2011190686.0,0.344191282076352,-51642.0,68.983696924511,21.7821782178218,25.3,39.7373237609863,61.55905916272443,5578.0,837.0,63.3,557.0,-0.05,969.0,586.0,275.0
Madagascar,MDG,22.9,5.0,84.157,1561.5196237460782,4.71366,1905.3663153638,8.960080729920406,581800.0,2206452496.0,0.5013870441757831,-2687.0,55.5455025357901,20.5298013245033,83.8,29.4239466316878,85.4387187628213,3663.0,746.0,56.55,0.57,-69.0,864.0,0.67,204.0
Maldives,MDV,100.0,7.0,53.61,18769.50606076293,59.5,14100.42730331736,0.4044307364974031,300.0,139592817.0,,9421.0,73.2207629909679,5.88235294117647,1.2,38.9560872317815,19.891141919087232,,,,,,,,
Mexico,MEX,99.5,14.0,58.099,20104.583978747152,59.5404,30118.854686929462,6.077587823038627,1943950.0,373512330000.0,0.480046272445401,-304472.0,65.6181532325894,42.4,9.2,77.4405087351486,25.368150093206047,6824.0,893.0,65.8,752.0,-157.0,809.0,802.0,0.22
North Macedonia,MKD,100.0,13.0,40.447,15348.683749581638,72.1568,12136.361803898795,3.4652528565308813,25220.0,4854741635.0,0.970115977909212,-24144.0,68.3122503676847,33.3333333333333,21.4,59.3823070989891,19.44087960343633,5346.0,871.0,65.5,706.0,76.0,0.87,587.0,292.0
Mali,MLI,38.8,9.0,68.909,2531.80496963482,14.0,7741.925221388756,1.6000588969940566,1220190.0,2844990802.0,2.5861308735712503,-30251.0,49.4281689617574,8.84353741496599,77.9,26.4468586077195,80.2390654902896,4016.0,836.0,53.4,696.0,-69.0,862.0,738.0,305.0
Malta,MLT,100.0,11.0,53.92,38237.49621003703,78.0751,34092.18116638796,2.125369342547188,320.0,3115459848.0,0.496660141239844,8624.0,67.1891782660361,12.8571428571429,9.2,94.4800033569336,10.51040648400351,6591.0,0.93,71.35,916.0,341.0,696.0,645.0,355.0
Myanmar,MMR,55.6,5.0,62.707,4459.539814274713,16.0,6476.7207690121,3.6156780953078567,652780.0,11832148116.0,4.08929730356682,-87907.0,68.0094410220225,9.93071593533487,68.8,29.8129165582094,63.171092781752094,4623.0,793.0,59925.0,877.0,683.0,607.0,671.0,302.0
Montenegro,MNE,99.6,9.0,43.394,16815.265942316593,69.8816,16028.82906892272,5.27643333909262,13450.0,345204227.0,1.41128063506996,-5274.0,66.6210651687589,23.4567901234568,43.9,64.9101692293409,17.95132121651637,5304.0,866.0,66.7,569.0,-91.0,849.0,547.0,337.0
Mongolia,MNG,90.8,12.0,54.172,10511.383106314075,22.2658,16903.9743644652,2.9931267605767715,1557255.4,4924326601.0,0.8639109951148329,5633.0,65.9081521646192,17.1052631578947,3.4,67.9776754820979,42.77003848000504,5057.0,947.0,60.0,0.76,86.0,0.9,555.0,171.0
Mozambique,MOZ,26.2,,76.135,1379.107400286906,7.0,3826.055312963534,12.160891291542498,786380.0,3351861167.0,0.919413170302599,-43398.0,51.6509731306766,39.6,77.4,32.3819234395234,83.8479873950088,,,,,,,,
Mauritania,MRT,41.2,9.0,37.311,4682.70259690033,19.2328,11362.407871240011,11.210129744059929,1030700.0,1622761267.0,2.14548780076745,-3008.0,52.3037720444574,25.1700680272109,31.7,52.9185627319946,54.70061944050381,4472.0,785.0,59125.0,467.0,-178.0,842.0,0.71,222.0
Mauritius,MUS,99.7,11.0,55.593,21951.83074331106,52.1913,15710.906789731433,2.3929235490556664,1997.0,2192444271.0,0.174701755953711,-4483.0,72.2217039975507,11.5942028985507,10.3,39.5578893260494,17.65669499869457,5.61,836.0,63975.0,819.0,134.0,891.0,706.0,246.0
Malawi,MWI,11.0,8.0,61.963,1409.9580270353256,6.3,3715.9000139658383,20.29268292859108,94280.0,963234250.9999988,0.452047625154312,3505.0,51.9561943596496,16.6666666666667,78.9,15.899632938282,60.94674991851286,3476.0,524.0,55.45,0.81,0.04,824.0,584.0,325.0
Malaysia,MYS,99.9,6.0,62.851,25285.82135413908,78.7883,29550.83540482668,1.65825996642414,328550.0,186243600543.0,1.3843347942822,222141.0,68.6181245800623,10.3603603603604,4.4,73.8588978909614,22.929772242379688,,,,,,,,
Namibia,NAM,49.7,7.0,46.336,10200.13926097332,31.0333,21143.85911332568,7.96867201225912,823290.0,4517063837.0,3.97104492479212,14002.0,59.9115575392555,41.3461538461538,29.2,46.1751725648784,25.23874126985676,,,,,,,,
Niger,NER,17.0,,72.716,1188.5570922983698,4.32276,3663.705798843968,1.792721465575852,1266700.0,664398645.0,1.59964624315915,14833.0,48.52866249228,14.6198830409357,80.2,16.3898280543236,89.5564132319769,4235.0,683.0,54.45,702.0,-17.0,814.0,646.0,325.0
Nigeria,NGA,59.3,9.0,77.206,7072.496933723108,24.1,7922.371457319439,9.543670064124528,910770.0,37668200221.0,0.4329477846731689,75265.0,52.8926220185148,5.55555555555556,81.1,56.541038793347,67.7538029076989,5.22,805.0,53425.0,798.0,42.0,905.0,745.0,252.0
Nicaragua,NIC,83.9,7.0,62.67,5882.36645219746,24.5718,7129.9036479386,4.589739449338069,120340.0,2122937666.0,0.6398766758172321,-23076.0,63.3800979693199,45.6521739130435,49.5,58.0043880782023,39.96711353902325,6013.0,853.0,65275.0,717.0,38.0,731.0,787.0,0.38
Netherlands,NLD,100.0,13.0,62.299,53162.279159802805,90.411,97462.59131059537,0.5655437600699713,33670.0,563421546373.0,1.14449960079147,88743.0,65.4890558058781,37.3333333333333,5.6,90.5803239452777,12.207802500224616,7541.0,926.0,71175.0,907.0,235.0,433.0,737.0,215.0
Norway,NOR,100.0,10.0,63.102,59280.19920288285,97.2982,233936.94185425813,-1.5980971677218747,365145.73,86871426224.0,1.61734383599671,26417.0,65.6098291381007,39.6449704142012,57.7,81.6800003051758,5.178610123869177,7596.0,0.96,71.25,954.0,127.0,0.41,809.0,209.0
Nepal,NPL,90.7,9.0,35.8,2976.12513681451,20.7,1555.8413107274694,7.1503347875128185,143350.0,728740087.0,1.46937461345505,-341748.0,61.8722917188777,29.5798319327731,79.4,65.2895168835553,79.6580332172956,5.1,837.0,60475.0,839.0,158.0,817.0,523.0,0.37
New Zealand,NZL,100.0,10.0,65.966,39988.92508554718,86.5,77079.04333669397,2.4204771459118746,263310.0,32980784038.0,1.03552843699621,75512.0,65.6566173959705,31.404958677686,30.1,84.691365594,14.13110489760041,7226.0,937.0,69975.0,927.0,261.0,278.0,777.0,207.0
Oman,OMN,100.0,10.0,67.993,33333.8635893722,76.8454,46617.27558444872,-9.13627527605452,309500.0,11577756112.0,10.5631262289399,117538.0,75.3182592773313,1.17647058823529,0.0,77.7521362304688,3.74932520061168,,,,,,,,
Pakistan,PAK,91.8,12.0,50.501,4630.731506837398,12.3854,3873.926125354634,0.9221633262620088,770880.0,20533622994.0,3.20377671550622,-2290411.0,57.4997238618041,20.5882352941176,43.7,36.1597184900333,58.0468804707195,5549.0,627.0,56075.0,634.0,87.0,793.0,503.0,332.0
Panama,PAN,92.4,11.0,63.064,30276.70884961947,54.0,49790.34935700205,2.475015525910408,74120.0,614158624.0,,10109.0,64.9564237451839,18.3098591549296,22.1,65.5971555296656,34.01344818283092,6118.0,882.0,68.4,884.0,-107.0,837.0,813.0,244.0
Peru,PER,94.2,14.0,72.557,12066.54606833171,45.4617,22123.511355230334,3.0808826903773365,1280000.0,36828022711.0,1.3219083994295702,96740.0,64.5030119796406,27.6923076923077,27.2,81.4192362241943,52.0266397920302,5701.0,803.0,68975.0,0.83,-137.0,866.0,791.0,338.0
Philippines,PHL,92.0,11.0,59.93,7382.667584317919,39.2,13205.494751512795,1.2803117437396168,298170.0,56295029223.0,1.04558514673889,-309251.0,63.1300684825105,29.7945205479452,28.6,51.9114748151175,34.50040930330001,5431.0,821.0,61925.0,908.0,-73.0,792.0,807.0,0.29
Poland,POL,100.0,10.0,53.788,28359.692734626555,73.3007,27925.67277169356,0.0828624483893065,306190.0,203353597493.0,1.9358935882869897,-5675.0,68.9521816813071,27.3913043478261,11.3,60.2402284228997,21.03632695657913,6162.0,917.0,68175.0,871.0,-94.0,848.0,666.0,224.0
Portugal,PRT,100.0,12.0,51.955,31589.269560955247,70.4236,35506.44667682135,1.8540870315520976,91605.6,54553167607.0,1.54200474856982,-775.0,64.8902291547221,34.7826086956522,29.0,61.1343011242723,11.89621230427325,5447.0,905.0,70625.0,838.0,-229.0,922.0,659.0,326.0
Paraguay,PRY,98.4,13.0,66.289,13329.137336635362,53.4041,23694.49747900233,4.134754444040894,397300.0,7858617041.0,0.950953301628568,-16737.0,64.453349156346,15.0,62.5,62.0827613208606,39.12817031635869,5801.0,0.94,65.65,854.0,-0.08,756.0,833.0,197.0
West Bank and Gaza,PSE,100.0,10.0,33.291,6062.232748445774,59.9,10682.994843389706,1.2780224837288756,6020.0,926498951.0,,-22774.0,56.8426367209549,,12.3,85.3377390706351,24.06788543846995,4907.0,818.0,,608.0,-149.0,812.0,544.0,378.0
Qatar,QAT,100.0,9.0,87.344,89934.66888248002,95.1247,95012.31449470208,-8.97657798957681,11490.0,56887329566.0,,119725.0,85.2115049327299,0.0,0.1,98.9855265345423,0.2363092476536223,,,,,,,,
Romania,ROU,99.1,10.0,47.931,22294.5168169268,59.504,21181.02816450266,2.619918573943877,230080.0,63428223421.0,1.4277045414778902,-33073.0,66.7152920502478,13.715710723192,24.4,53.5528171972639,16.72890253032717,5969.0,809.0,66425.0,822.0,-118.0,949.0,607.0,258.0
Russian Federation,RUS,99.4,11.0,59.357,24012.40234375,73.0914,21616.774328973213,2.844222698026428,16376870.0,285339778620.0,5.42514770504505,447645.0,68.9243897445989,12.6666666666667,3.4,74.3703138709243,6.245030278703321,5855.0,911.0,63075.0,714.0,-185.0,925.0,587.0,142.0
Rwanda,RWA,29.4,6.0,53.418,1866.389685302856,14.6,3193.90898395696,5.030122140506137,24670.0,406763044.0,1.24050679129546,-24474.0,56.1025994818604,63.75,85.5,19.1213951786548,42.57949394717481,3333.0,665.0,59225.0,911.0,25.0,159.0,715.0,285.0
Saudi Arabia,SAU,99.9,9.0,57.286,49937.0668103808,74.8793,90277.455274332,-2.261819803074673,2149690.0,206681225001.0,9.56048239449097,-26997.0,72.8708364725954,19.8675496688742,0.0,83.129128630626,2.2874421520810846,6474.0,0.89,63.4,774.0,-134.0,,725.0,266.0
Sudan,SDN,50.5,8.0,37.572,4470.35498046875,14.1,6673.905070363841,20.68558773062452,1868000.0,2546749000.0,2.27850721551928,84728.0,54.1594849545413,30.5164319248826,58.9,34.1881958841213,40.314381350554896,,,,,,,,
Senegal,SEN,64.5,11.0,47.883,3101.12348494108,25.6648,8255.663964800773,0.9556495200890254,192530.0,2538993671.0,1.60209745363896,29498.0,54.3968395932547,42.6666666666667,36.7,47.0553579909929,70.60872519060901,4595.0,839.0,58.5,744.0,-89.0,794.0,781.0,245.0
Singapore,SGP,100.0,6.0,66.419,89901.81591650358,84.4523,145857.31139122447,0.5220196078877848,709.0,329371906186.0,3.09531096262441,13737.0,78.0308714909358,23.7623762376238,0.7,100.0,8.524296175662267,6033.0,925.0,73.3,904.0,138.0,47.0,745.0,111.0
Sierra Leone,SLE,20.3,9.0,53.117,2634.925243302502,11.7732,7515.576875519197,4.346163836628676,72180.0,625407229.0,0.7141682800609019,4657.0,55.4233439877169,12.396694214876,73.6,41.229411538771,86.45358229711199,4733.0,657.0,50.5,681.0,107.0,863.0,616.0,456.0
El Salvador,SLV,96.0,15.0,56.643,8455.616147739745,28.9971,11255.832773851522,0.6577462073965847,20720.0,5419578862.0,1.02350295230491,-47491.0,64.7564156847839,32.1428571428571,20.7,70.3990173339844,35.98473659756619,6.14,794.0,63.85,0.8,-189.0,797.0,742.0,346.0
"Somalia, Fed. Rep.",SOM,51.1,,27.782,1468.5043847460458,1.88,,4.080885253882798,627340.0,622226928.0,0.6454606954404,124017.0,50.0290373928303,,94.8,45.942842729174,46.3520544663466,4668.0,594.0,48.5,917.0,73.0,441.0,773.0,193.0
Serbia,SRB,99.9,8.0,44.89,15346.681719513326,67.0568,17092.068852939683,1.5438274099882818,87460.0,14681598894.0,1.85741974312422,-18322.0,66.2812936644156,34.0,20.9,60.3853870034026,28.068365601317232,5753.0,895.0,66525.0,614.0,-72.0,0.89,492.0,298.0
South Sudan,SSD,5.3,8.0,64.468,,3.5,,,631930.0,1375847378.0,4.84674935905441,-654225.0,53.7358881753838,28.4595300261097,28.7,19.0769476614377,82.985290998798,2888.0,532.0,53175.0,0.44,,785.0,594.0,549.0
Suriname,SUR,95.8,6.0,51.672,14475.306964492138,45.4,21904.29569030605,24.06936382587965,160507.61,975784004.0,,-906.0,65.468722618361,25.4901960784314,11.1,66.1426466980469,19.30362602954818,,,,,,,,
Slovak Republic,SVK,100.0,10.0,54.2,29867.980339008056,80.4759,29020.63861524265,-0.3909093423895342,48080.0,77022018438.0001,1.11122582751499,3487.0,69.9313041813556,20.0,13.1,53.7399327086517,12.678755067029236,5993.0,945.0,67825.0,0.7,-63.0,917.0,688.0,232.0
Slovenia,SVN,100.0,9.0,52.296,33575.17754357573,75.4985,45521.914154877726,0.8854824368563357,20142.0,32909924947.0,1.01508115640424,1195.0,66.5706788630685,36.6666666666667,21.0,53.647274017334,12.78153681102663,5937.0,934.0,70175.0,904.0,-58.0,838.0,597.0,272.0
Sweden,SWE,100.0,9.0,59.599,50289.7687144136,89.6509,125768.32839639924,1.6592093254567146,407310.64,138568620139.0,1.05595798245271,119234.0,62.700911392201,43.5530085959885,50.9,87.0,7.480495517890002,7369.0,912.0,71525.0,918.0,142.0,246.0,752.0,201.0
Eswatini,SWZ,63.4,7.0,39.518,8484.121172783445,28.57,21519.06265135697,6.764660835709677,17200.0,1717112029.0,2.0738256965368103,-12481.0,60.1487593599868,6.15384615384615,64.3,23.5278881746356,33.57945069925477,,,,,,,,
Syrian Arab Republic,SYR,89.8,9.0,32.512,,31.8696,2243.674531620002,36.87104155871128,183630.0,2305661535.0,,-124063.0,55.5171039698766,13.2,1.3,75.15400963398,38.7448700749437,,,,,,,,
Chad,TCD,9.2,10.0,60.369,2120.087515538572,5.8,9856.896164719326,-6.464307573743412,1259200.0,1568517512.0,2.31170355001725,21540.0,49.4357231441935,14.8936170212766,72.7,23.1119734707179,89.9028795974783,4029.0,616.0,50875.0,525.0,51.0,0.82,564.0,468.0
Togo,TGO,46.8,10.0,56.384,1932.9261427386857,11.31,2559.328053866513,1.457756706891658,54390.0,849571745.0,1.36106759176365,-1979.0,55.7632202124407,17.5824175824176,80.7,40.1485878279739,79.9173963692734,3879.0,509.0,54.7,0.73,-27.0,815.0,0.61,483.0
Thailand,THA,99.9,9.0,67.845,16671.25069021445,47.505,15891.170745589412,2.63616761998928,510890.0,212991707617.0,1.32516695969445,112978.0,71.4840033899878,6.09137055837564,22.4,47.8801095551247,48.1136717457096,6074.0,908.0,68075.0,924.0,354.0,878.0,811.0,218.0
Tajikistan,TJK,99.3,9.0,36.912,2913.8567954744544,20.47,8958.001197986447,0.5413897568449926,138790.0,947546418.0,1.20806716554116,-8210.0,60.7416550497082,19.047619047619,43.7,26.3718509674072,29.907070862064003,5104.0,857.0,61.55,703.0,4.0,632.0,587.0,0.22
Turkmenistan,TKM,100.0,12.0,41.581,12919.371222426023,17.9903,,-4.865602879031144,469930.0,7875477442.0,,13365.0,66.5059234681034,25.8064516129032,0.1,47.0227025249994,30.689600297774017,5887.0,929.0,61.8,749.0,4.0,,0.56,255.0
Trinidad and Tobago,TTO,100.0,7.0,60.052,28231.682067009217,67.8,51471.91816823946,-0.4595844154708572,5130.0,7785429716.0,0.9142658929012332,-86.0,72.0634838896443,30.952380952381,0.4,53.9277523084951,18.18351884762881,,,,,,,,
Tunisia,TUN,100.0,9.0,40.296,10993.66384645216,49.6,9673.543102431371,4.935164910021086,155360.0,12893176959.0,2.22498472970201,-23827.0,67.9779030952694,31.3364055299539,12.4,68.0623356528248,20.43021873047455,4521.0,702.0,66.75,614.0,-169.0,811.0,532.0,378.0
Turkiye,TUR,100.0,12.0,46.333,26730.75997318347,58.3477,32490.05169499716,8.127607187205598,769630.0,148119844648.0,2.0503243786549703,352063.0,68.6855786915971,14.9090909090909,13.2,88.1020958581776,28.071648085635506,5326.0,0.88,67875.0,644.0,-68.0,764.0,414.0,0.39
,,,,,,,,,,,,,,,,,,6513.0,895.0,,719.0,-47.0,811.0,743.0,108.0
Tanzania,TZA,32.8,7.0,82.274,2434.69995117188,13.5042,6637.670809382006,7.472033667597273,885800.0,4738465905.0,1.0936919337698798,152194.0,52.8248609036268,36.5591397849462,81.7,31.7577303242916,85.3318381384013,2903.0,638.0,57.15,775.0,179.0,739.0,649.0,246.0
Uganda,UGA,26.7,7.0,71.562,2165.2975940441297,5.9,9258.781581037616,4.781000290805508,200520.0,2341829996.0,1.00333547376504,123379.0,50.51846880571,33.4894613583138,91.4,25.6953567134098,76.45516337423652,4233.0,754.0,56775.0,739.0,128.0,811.0,665.0,0.41
Ukraine,UKR,100.0,11.0,51.035,10864.6572265625,53.001,4224.549664556253,17.097134923843768,579290.0,36230682100.0,3.66861786886462,-31340.0,69.2108781249868,12.0192307692308,5.5,69.2102241609089,18.66796804311473,4029.0,885.0,63925.0,503.0,7.0,891.0,0.55,0.22
Uruguay,URY,99.7,14.0,59.546,22840.55070698051,66.4,50739.56969655803,8.165456543153198,175020.0,5686135015.0,1.8091708739885,-3506.0,64.3219434418485,16.1616161616162,60.3,95.1585424955685,23.52461356755536,6171.0,0.9,67.5,886.0,-82.0,676.0,735.0,283.0
United States,USA,100.0,12.0,59.391,57976.62820429104,85.5444,,0.8514758845019799,9147420.0,1450475935927.0,3.40260233575118,1889129.0,66.3180403833652,19.1685912240185,9.3,80.4976645324131,4.025706191920928,6804.0,897.0,66475.0,758.0,0.14,739.0,737.0,264.0
Uzbekistan,UZB,99.9,12.0,53.534,6919.2947562180425,46.7913,7445.907245008012,8.930368493215028,440591.0,7033815619.0,,-14839.0,66.6394929921998,16.0,1.6,50.6572189331055,34.74505776147676,5893.0,945.0,63.8,984.0,202.0,,771.0,147.0
"Venezuela, RB",VEN,99.4,14.0,57.93,,60.0,,307.47800710637404,882050.0,24123273639.0,0.454046014282467,-283270.0,65.3559259241141,14.3712574850299,14.6,88.9914428378712,31.64760392203931,4041.0,902.0,64925.0,458.0,-56.0,0.89,676.0,392.0
Viet Nam,VNM,99.2,10.0,75.542,8374.506845161175,53.0,6626.666134933504,1.8195359277991368,313387.0,175434380085.0,1.95056176952778,167652.0,69.2591615032732,26.7206477732794,26.8,32.8476189285136,55.9228443604091,5062.0,876.0,65.0,894.0,-109.0,799.0,487.0,223.0
Kosovo,XKX,,,,9157.046307429082,,,0.779254169265613,,342485688.0,0.777866853947473,-8937.0,66.9239089128592,,,40.7783748317802,,5759.0,824.0,,827.0,123.0,941.0,588.0,0.15
"Yemen, Rep.",YEM,68.9,9.0,26.336,,24.5792,16351.253143489908,0.1344108218867177,527970.0,203487486.0,,-6492.0,55.6585160987523,0.0,2.6,32.9512008005236,43.9335072313411,3826.0,775.0,58175.0,533.0,-141.0,,401.0,228.0
South Africa,ZAF,83.9,9.0,40.195,13519.323510237626,54.0,21204.349820028823,6.952171960884797,1213090.0,70556038845.0,0.971046764986093,-879235.0,66.199319306573,42.0,7.8,63.2750973439347,9.58536150079461,4.77,875.0,54625.0,774.0,-0.08,813.0,743.0,301.0
Zambia,ZMB,35.4,7.0,55.597,3313.35121570029,10.3,14936.021476163623,13.576101169422714,743390.0,6505560641.0,1.42930472392762,25860.0,53.3980822165793,17.9640718562874,84.0,42.3442476889162,73.05616457720123,4348.0,767.0,53125.0,812.0,122.0,771.0,688.0,372.0
Zimbabwe,ZWE,42.5,7.0,62.175,4275.449350509402,23.12,8331.92044189666,2.161791374198458,386850.0,2852990064.0,1.74198491851131,-140181.0,53.0989855409761,31.4814814814815,81.7,34.0799460726314,68.49478934745757,3735.0,768.0,51675.0,733.0,-79.0,724.0,685.0,209.0
